new_id,old_id
JREVxF33EemZLe84758NEQ,-EiQpF1vEei4d380tnI0Tw
JfsmMl33EemuZQux8mjgDw,-JP5uJwNEeiNFg81zGPOQw
Jr1O9l33EemilW9KdBR3kw,-PIN3un-EeiPiRs8W81iqw
J5N59F33EemxQy9ys09Edg,-fch7okXEeitoQPblgUmvQ
KGntfF33EemEVH-_45GCLQ,-pGGsuu5Eeiiov8HkV7KPg
KTA-oF33EemrAj9gdd7nSw,0-GVBqSJEeiQco9_13ym7A
KeT30l33EemhId-Doid1VA,005pJoUNEeeKSivN4i_6Xw
Kpv3hF33EemN2s_2yuKigg,09vFxt7NEeiHaJdK04HH7w
K45bbl33EemxRLPs441fcQ,0UY7Vj_nEeeeaNs0bPvMlg
LFuQDF33EemqNnvhJIgDLg,0_-afD_nEeeCBjtumcj9dg
LRJFaF33EemIkLOUYjFVpw,0_gE_OnvEeiLS2M9xUDjPQ
LccTdl33Eemilrf6ZPzcJA,0pEXVIUNEeeIz2frR_HbSA
LoiUiF33Eemilz8SCfKzfQ,0qDB2IdoEee0Mn_vJx9s3g
L23XtF33Eemf-K-LO-af5g,10JhnunfEei4uJ8EBYvPTA
MDgljF33EemxRENm-nBnPA,1CtOPN7PEeicoLs_hfMuiQ
MQJ1MF33EemwQCdKB8j3Lg,1JJsVoUNEeeKSyuAt5xpFA
Mcr7_l33Eem3tTsi0PFgLQ,1mU6wk9uEemjN4cuewgcSg
MoN6lF33Eem4xRuR1AboAw,20dugOn7Eeixx29uyVH-fQ
M0TfuF33EemcqrfnLJyX3A,24A9BuuyEeiF_ZdnGtpmDA
NBfEHl33Eembc-tOo7XX7A,2C-TiunnEei5aEMe7aBN6Q
NN0dBF33EemxRZvK_S9HWg,2dzmnJy3Eei1ygtt2Ca4qg
NauXBl33Eemf-ZNX_QWGHg,3adgTl3oEeiIM5tF6hzXXQ
Nm9xlF33Eemvy3OSPe9M3A,3hDTFF3wEei4qSshI7bZ7g
NycBYF33EemwQYf9URcleQ,3hQddk9sEemxduM-vDtk3w
N9tzjl33EemrA4Ow7TFQOQ,3mCNak91Eemb_ysCfieiKA
OJA8al33EemEVSNne1YHSQ,3tt1DJwLEeivs4MZUDuPlA
OUlp2F33EemwQn8vi4jNvg,3vSOzN7QEei3RE84_CtxwA
Of9uGF33Eem_zkeqAEmpJw,3yEi_tiiEeig6xem_ZEUYQ
OvHR7l33Eem1TbfR0Pla2Q,402o6JqBEeiyabezjCl7yw
O8y9Il33Eem_pwsXcldClg,4XkIzuehEeiN0FcuRpqALQ
PILtml33EemjtUsk1dbtNw,4mh5Qt7VEeiFK3dS2Qw8yw
PUOzGF33EemxRiv8I2UrVw,57ErXokZEeiwTu-RnOg1FA
Pf880l33EemIkSdLQx0ElQ,5C7ARunpEeii0ftrZ6-xyg
PrVWAl33Eem-_m_FCpq83Q,5Q48Tpv7EeiVgqf4kpuFAw
P21IhF33Eem_z3tisLkOqA,6BbpapqCEeiYsqewFpObBQ
QCqxYl33EemPiA-YzNUHow,6h7xdF3fEeiUIl_HJtUJWw
QOty5F33EemVB_9oO1lgyg,6taVdD_tEeeJmWefRKqurg
QaPsZl33Eemg5t-qu-djjw,6v83GJwIEeiVlguVNYccvw
Ql90cl33Eemjtov2Z0DhBw,70rGXOnsEeip9gc21IdZQA
Qx84wF33EemYIG_5O7HWZw,7EVX9j_tEeeZRgODcGb5fQ
Q-I98l33Eemrr9ehWS993g,7VWctE9yEemjPSMK5W-ymw
RKKBrF33Eemg52O10-fDYQ,7qVzSpwJEeiVl89KAXfWbg
RVYFBl33Eem3tmey1q-Nzg,7t4oUk9uEemj-kvCXJZAUg
RgwTKF33EemPidsOb7uJLA,80oUkN7REeiSLn-MMO9NHA
RsQWdl33Eem-_5-DaD1QcQ,81ChEoUNEeeTMfc6VUQC8w
R3zzTl33EemLAxfN6eSfUw,8UPB2pp8Eeitx4NnXugZ7A
SDWCVl33Eem1Tj9UtGfYbw,8eJAYt7TEeijlH_ACnHRkA
SO-SQF33EemW2E-0HMq9vw,97glWuu4EeiyFG9osyrbNA
Sae04l33Eem_0FuXoJZrsw,99HrFNiqEeiS8oNnRpPj3Q
Sl4_ZF33EemyTIuCkIzAxw,9HNj0l3dEeiQQl9INXMp6w
SyDjol33EemyCpNwUT0ohw,9OCGfOn4EeiyPLcpq5cZhA
TAe8jF33EemVCKed1j5BYw,9P-jYF1gEei_UftoAQqTxA
TPvp9l33EemDczs_gSNZNg,9XhuwIUNEeelwZtW2ePwMA
TcKc4F33EemFyddB0S9h4A,9gYBuJv6EeioASNWV9Gg7Q
ToHDzF33Eemn08tmK2D1PA,9uM_6OnxEeia728p-Ryc_g
Tz5YFl33EemYIUtTdZNJVQ,ABV7ql3cEeiiGiPEA1Nelg
UAPBll33EemrBAuBWwXxpw,AgIqnor_Eeib-fc903RfZg
UMEedl33Eem_0U-oWFlZFw,AipVgE9uEem96NsN4XeV5Q
UXXJel33EemqN99df1dU1A,AxAsjpwGEei_3D-6Y6LlqQ
UivPVF33EemvzFv49xUwZQ,AzMijOniEeiY4iNN4aVvgA
UvV-gF33EemyTW-MnTAVYw,BCKNUk90Eemx4j8zNm6Tbg
U_JQpl33EemPim_EUCSuYw,BjrQkj_oEeeDyncwlimSyg
VMYDOF33EemYIg8G3nfhVA,Bq7-yN7TEeiHbI9pdZOF4A
VXtk7l33EemrsIdyC37iSA,BvkqxOeeEeii6-dkewskdA
VjLoHF33EemVCZ8M6bts3g,Bw-lkuotEeisow9e1ENZJA
Vuornl33EemN26_Y5yWq7w,C0qz9obBEeiAj0_hlZfI_w
V6gyLl33Eem2MUMwbf2xQQ,CCM03N7SEeiFEeuMqOtF1Q
WHsNFl33EemIknsGCUW3gA,CNWSIkkqEemf05PIPRgUPQ
WU1v_l33Eem2MqfoQ0FsXw,CdgnROneEeiqqZdZ84NmQw
WjGXYF33EembdJOd5T2opA,CdtIeF3lEeihg2MuQb1FMg
Wv_3kF33Eemjtwf9FvcaHQ,CqDcyuHsEeeJdeMFTOO9Aw
W7kR2l33EemyTos1aJ2z4g,D7TVmOowEeirs2MqLgWUeg
XHeFrF33EemVClt1jN_yYg,DHkK4oa9Eei3zdPn_PVq0A
XS4rSl33EemhIuNHj3AVWQ,DTz4fEkmEemgIGduRNBZPQ
XeMkAF33Eem2M2_Ok2FraA,DWxnUN7OEei4g3ONH0TO9g
Xp35sF33EemFyqdhDyLfLQ,DY9mcl3jEeinSodpPnOhHA
X2eZgl33EemjuBtJ8AtJPg,D_aQqpwLEeiqlde8nAXT0Q
YC1VeF33Eem2NMN52955aQ,D_n7CIsAEeiqvGv9nUPLXw
YOsYal33EemvzV9Siutu_g,De5HMOngEeiCIutR1rUSag
Ybh-fF33EemxR5Mo3Ti9SQ,E0pTiJwEEeiCfIdZIc4tYw
Yntc7l33EemW2S8MWb8NwA,ET9O4un6Eeiqe4eS6Fte_A
Y1BiuF33EemrsXtO9L01jQ,EpB15OEBEeegld-ePA1K7g
ZBeLNl33EemDdAPlsee3LA,F6mfXl3vEeib7reLjUt3lQ
ZM0iZl33EemFy_PKko-oHg,FMM7SlE1EeiHxGOvZmJ3rg
ZYC_2F33EemIk_vaC-zUvQ,FUO7HD_yEeeIZ-e37-oKvA
ZjXUuF33EemhI_fzzmDFwA,FW5V-OeiEeiaSCccrPod3Q
ZvM2jl33EemZLrssUP6oOA,FpQXwuneEeihznNzh_1nNQ
Z64jIl33Eem_ASfiWCYaXg,GXPUuOnuEeigNfvGT9UaPA
aGPABl33Eem_0tefCyBLcA,GdeRNunhEeiwkntBvwZQGw
aRhLtl33EemvzsNPDO2d7w,GvY5gl3wEeiMuhf2-MRppA
adEaBl33EemW2s9CJ4LLog,H2WOEl05EeiacgvoQ1ZIog
apjl9F33EemVCxulo6-OXg,H6fC8D_pEeeZRMt4cpT54g
a1-dDF33EemjuZe4c46qdg,HQR7nF3yEeiMAGsqb__8TA
bCY2Ql33Eemf-rub9ItVfQ,HSyqTOu3Eei9WLtSpM27tw
bOQqxl33EemW2_d4vdh8zA,H_Rs7k_sEemx0buRY_McpA
bZqFFF33EemqOEdXJsLpuQ,HjY4XOntEeiU2c8OrzFLTg
bkzk_F33EemrBadu0DhP8g,I4nFTJqAEei_CIN1BGQSPA
bwXYzF33EemVDPMqBKhFBg,IHQiRuneEeiZX58Gdk9GXg
b85Opl33Eem_qG-VxXn_Rw,IKBV5t7VEeieBA8FD1LS-A
cIP6lF33Eem_qfdiJcpYRg,IMJDDt7QEeiDf886Dxb1qw
cTizvF33EemimTvTTZkT_w,IP67BD_pEeeDzIf2E5VrBA
cfFCiF33Eem1T-uePvdFlg,IWOXFE-GEemx8EdNOjOGdg
crVVpl33Eemf-xdsjSgyWQ,IaNHxOoAEeii378SYaaJDQ
c3gq6l33EemhJE-U28pL8A,Is39Dl06EeiQ8keFlmpBfg
dDEtJF33Eemg6AcYiaHbqQ,J3yeCF1pEei-SB8ZdGTWyw
dPuqDl33Eemf_BNcF9jtcA,J7myQOn4Eeixxf-uUMkrQg
ddO2iF33Eem_Am-AfenMFw,JCe1pF3bEeinSJtps1vwsA
drU_hl33EemhJbs9W_mZLw,KGVaZoUREeeNyefrz8KluA
d4eKIl33EemuZw-9sJoahg,LEAKlE9vEem9y0PHsZtahg
eFf9Ql33EemxRc-WtxYfzg,LaC7ZNipEeixp2POOyT0YA
eRCF9l33EemPixts07WjHw,LkO_rk-GEem_LMvgtBj9sg
ect46F33EemEV_Ok7CxFUA,M8Ukwl1vEeiOjPeJoJWmxQ
eoQRgl33Eemcq4NIZ06eeA,MDqgdt7TEeibMVOG14NSHA
ez8zBF33Eem_A7eAPXNrMw,MT2g9t7MEeiu0RdO3-byHQ
e_mqVF33EemEWMuxHmXK4g,MUhOWOuvEeiig08_ql12MA
fL72dF33Eem2Nlsr93ryEA,MYjaIuu0EeiZ9N-jMiF6lw
fXpd4l33EembdT-t-aNNMg,N-jXDOnhEeinxCsxyrMSOQ
fjda8F33EemEWVuH3Hw9jQ,NBJLcpv9EeiCb3Md54FuJw
fvFRsl33EemyTwOp5OnH0A,NGgD6k9tEem8yPNt4zElpA
f6WM6l33EemyUEfUhENrDg,NpOtgk9xEem9TVPaVTcYvA
gFrzll33EemuaN8VA8_qOA,OF17Qk93EemVzo_2ztZK6Q
gRBU6F33EemN3auc4RMMVA,OK2wJl3nEei1vr_B3YsvDw
gcZfNl33EemxSIfNIRBgPg,Odbl1l3rEei18g8JDTHCVA
gooSPF33EemW3JvLn94kOA,Oh1XGNieEei3Vv-GH4qdtQ
g0gifF33Eem_04c623Q6gA,POvzJokYEeijCRcUpSqa7Q
g_0ZIF33EemVDfO2-8CtWw,PgN-FoUbEee5ygdgCAEx1w
hLOCgl33EemhJhscetc-nw,PhAQdONvEeeiDtuXHGBgtg
hWpGAl33EemPjNsExyKtxQ,PyTC2unpEeiFbQ9mODpIyA
hidX4l33EemyC4PuyP1fhg,Q2gLzOn9Eei5iLswneLh2g
huLPcl33EemIlAsY8fY8PQ,Qfi2jk9uEemx4IsvFBbDRw
h5XUtF33EemrssOMi6H1tQ,QjLhsunwEei8Ac-zIBtHMQ
iE8fql33Eem_1fODEa3mUA,QlwcKEkqEemGjaOuR11QOw
iQevIF33EemPjeMUpUQ_6Q,R-gmVN7SEeiyaZsUBcHbtw
ibtYLF33Eem_qleuQgU2hQ,R3g9AJyuEeih3ys6opqBkQ
im9kFl33Eemf_QcvJzOTXw,R4b7OIUSEeeGds-ACR9TFg
iyJsRl33Eem_1uNcMQgljw,REgSJl1nEei9zqMa4CFTvQ
i9tBOl33Eemjuh9AqA-pGQ,RNpywJv_Eein_B9u8G7iZA
jKhqSF33EemyUYe-kNAQhA,RlZBEJwJEeiHowfx0A1gTQ
jWpEQl33EemuacMCHxEWug,RnVXbF1mEeia0zeR6yQk-A
jiOhEl33EemZL2Ppg8dhEA,S5T0fIbAEeivUSu6iGCJHQ
juTiql33EemN3ud3wIr49Q,SNBVFOn5Eeiejjt8upmOFA
j6zIYF33EemVDusuBM6vjA,SNFx8E9sEemyPxvAbm8s5Q
kGLPKl33Eem_17d4zHCL_g,SNW5ooUSEee9sNP1yQHtyA
kR1kXF33Eemju0_SxM2B4g,SXJQuF1sEeigPf-0UGVMyQ
kdK52F33Eemf_geiPpB1jQ,S_h2sj_xEeefo7NPyM0tFA
koyYEl33EemwQ_fvDEydxA,SbQjfj_xEeeM3qf1ac50Ig
k1huul33EemwRKdUonorgg,SuKRhl2vEei__Use8eTQ9A
lB8l3F33EemwRaM6lWVmQg,T9WFpt7MEeijiXv2wiDjxw
lN4iDF33EemVDyfFZYTVgg,TSYQiEkuEemsXFvPfoLKnw
lZTRvl33EemLBMuYbVdZDQ,TV1kppwKEeiTCuvI_5l3Sw
lkiJZl33EemVEF8szt-YMA,Tb9Ckk91Eemz02dOui-xxA
lwKGhl33EemW3TcC8d_PlQ,TbKbvJwNEeioFmfchP8IqA
l8v38F33EemimgP_ccCp_A,Tk-_Rl1gEeihFSu465be3g
mIcORl33EemZMH92H5O-eg,U-qmGOouEeiqJ--0HQU9Sg
mT0l0l33EemyDMeLoWMLsA,U2aLkk9wEemyQ78Qet66Eg
mfeIHl33Eemf_x8W-q29kw,U5nCPtipEeiVRuuc1nIwJA
mrjBoF33EemqOW_xgmWikQ,UQAhhIUYEeeTNsc8CDm7jA
m3HUGl33EemwRssyjEWWJg,VjcurtiqEeiZcgfEgtrhBA
nC5Yul33EemuauNEcdb8nQ,WdHwej_mEeestvsLMnPaSQ
nOUuWl33Eemim-dvrlwQXw,WpxQNtihEeiuNAtsAYG-HA
naHrJl33Eem_BBdRRra7Fw,Wt7kOj_oEeeRchvwpicKIA
nmYa0l33Eem_q_eWgpc3Vw,Wz3rKosEEeimPXeceaa5XQ
nxx9pF33EemjvA__P7VWgA,X4xQaOnrEeip8H8OJAUOOg
n9Jv4l33EemcrLN5BJbqQA,X7Xv6OntEeiqvkPJOxroPA
oIgPAF33Eemg6dc8Ruhmsw,X8J9PunuEeixvWsEo4_-kQ
oTw3gl33Eem2NxfzE8wflg,XGmTnJqAEeiAzQMV4kUQtw
ofEohl33Eemua8c9JM_bTw,XQbmuunqEeiZdI9QIBaBbw
oquURl33EemZMWtX6ZvCWA,XdILiE-EEemv43Md6UTuCA
o2SsQl33EemYI09mmpaOow,XpWOyun3EeiqebuHIH8lEA
pBu4iF33EembdkPgtyXo3A,Xr0JrE_uEemhoMN57JFBwQ
pNdmKF33Eem4x2fVqmgMVA,Xuwu6uuxEeidKINgOKUb0A
pZEw2l33EemxSR9oHMK1JA,Y9_F7j_uEeeggAvWvr6tZw
pkde3F33EemyDatUhLwllw,YJr4Zt7SEeiyapsEBnEu-Q
pwCQjF33EembdzPb0KYjWA,Ya2e0IsCEeiJmjO-EJoDVw
p78qGl33Eem_2MtquduDOw,Yhcgbuu4Eeif8ENKno8c1g
qIarsl33EemgAFPq77IMcg,YzxVak91Eemxz-8eJt5a-w
qUQFBF33EemN3xuar9Fwxw,Z-g23j_qEeeHm_P_Pjj8hQ
qfnsZl33EemrBkOHHmGK0A,Z4ZRGOHsEee06hukNBC3sA
qq5HTF33EemrtfvdazFh1w,ZBVdVOHrEeeck48FocNydQ
q2PZVF33EeminK_7kCB22w,ZGw9QungEei4uu-miZkgwA
rButIl33EembeFuNnPJojw,ZOaPLoUaEee_pksvKsZo0g
rNFM4F33EemxStsN8-cx7A,ZeNq5l3cEei-c5ffbi0S1w
rYnVEl33Eem3t6dcL_7iBA,ZjH1eD_qEee82z_ZSHVivg
rkZFRF33EemDdZsEPyjGpg,ZtkSBNiqEeiomIdtqmSsXw
rv_FKF33EemEWtMzr4RzgA,Zz-V6OneEei76lPo9flXOw
r7fAfl33EemW3ivPaddLLg,_IljnJv9EeiNHm_DUTdPoA
sG-D5F33EemgAXv1GB3LvQ,_N1fwoUXEeeTNadsjOxcXA
sSNnYF33Eem2OPvrBxYPTw,_eMz1l3REeioIrNHbhFX0A
sdrJtF33EemxSyeOKjdodQ,_iqN9On9Eei8DY-ARhvHRg
splmJl33EemZMk_t4FpZow,_qpK2unQEei9aJ8G7McphQ
s2YvTl33EemYJD8TZVzlDw,_wUawIa-Eeiil3uZDS7pgA
tCEWfl33EemjveeaaZdqdg,a200UOoAEeiqgNsps1yDFA
tNsAFl33EembebeLt3bN2Q,a4mdSj_wEeejCuv0bq6W1A
tZokgl33EemPjkvrCe8iEw,a4yvIj_qEeesdUfSO3Ipng
tnDaaF33Eemv0GetbzMikg,a60aTpysEei79RsGKuXl6A
ty3qml33EemqOntFMeZgGQ,aNXBVj_qEeeRcA_NBF4-CA
t_QcQl33EemDdktsDDp2MQ,aUwsiIUEEee9q6OrjM0u5Q
uLMZvF33Eem2OZcalXACuA,aiecwIsAEeiGHEvCnEhTxQ
uWmItF33Eemjvu-LogEAVA,avLiHOu5EeiAjW-PKdR2Yg
uivuVF33EemIlbNF9FRl1A,b5B2lD_qEeeFXw-pTaC2Lw
uuT_6F33Eemrtj9HImtG7A,b9W4YN7OEeiztoO-TV8d9Q
u6KDBl33EeminaeMNHjO4w,bDTVAj_wEeeV-6uMks2gCQ
vFo7hl33EemyUkcXHt0bCw,bNOH6Jp_EeimsDt4qpZl5A
vRel_l33Eemn1GvX2nV_KQ,bS_LQj_wEeeEK98JuVmDlQ
veNVoF33Eem4yLPcnZsREA,bXONVJwMEei2-xuwPly7qA
vq7CEl33EemrB8e2yTV-Tg,bjePXE9wEem5zdf5d1WZjg
v3mxel33Eemg6g95eWgmOw,bp35ounxEeiqx8OGykWSPg
wC6qOl33EemrCP9ogPIPhw,byMAxE_wEemnY68iMhnkMg
wO2LgF33EemZMy_W5I6IGQ,cU_DQkkoEeme52czGBQjmA
wax81F33Eeminstvk50Ryw,c_aQEpqCEei_DYMrly4C0g
wml2QF33Eem4yVvD5wHsZQ,d6iyqt7NEeiGecsCWURIcg
wyk8yF33Eem3uG8y4X8OyQ,dLbLJj_nEeeEJrdxCoi51Q
w9_6nl33EemxTD8SlVbSPQ,dS5Xjun8Eei-tJ9C2gjLaw
xJzd0F33EemxRgfSlXLDkw,dr9SYIUSEeeb2OPHn1EuuA
xWKf6F33EemIljcim5SLTw,eEmnWOotEeiqvS9sEwdtEw
xiJz1l33Eemn1V_zwUoDYw,eMOTkO2MEee6vg-ise_JMQ
xt3ZRl33EemubJ-E4PE2Xg,ePDpnIdoEee93pOpWLvFCA
x5IdwF33EemVEa-SvNaehw,eTAEdpwFEeiHnR-1jiKm5A
yFBBGl33Eem_rJfTsqhcAA,eTcEcuu3Eei1XcPs6BOKQw
yQ24vF33Eem3uUeg5zBvxA,ed6IoIdoEeeml0u13NKYuA
ycOlUF33Eemjv_dHMV2pLQ,eny91l3wEeiL__PTyM3kGA
ynnmqF33EemrCYcDt0rNZg,fE96BIa9Eeif3gsb9OQkGQ
yy9bRl33Eemin0uA4mGNVQ,fEt9Nk9tEem4aE_7s73dmg
y-GVkF33Eem3uiuORgQp3w,fOTv7l3rEeieshcidFKOWA
zJu0XF33EemZNH8lNDUIvA,g3Z1IEktEem5qxdCxRA6dg
zWj3Cl33EemyU3PO8x3WZA,g7O0dE90Eem4ay8GrcArow
zk_BEl33EemDdyvmXuSLsw,gBfadE91Eem8KH_zG99Bzg
zwj4Jl33EemW34vUVCDrAw,g_fkwtirEeihYzsGL5mVKg
z750WF33Eemg6yuuwXPyTQ,gbW-YF3kEeinToOsRI4J1A
0HXX2F33Eemn1n842gx4bQ,gg7XNNilEeioldvzMFGpNg
0TRIOl33EemioHPLA02Vxw,gyHLzOovEeigVuObh5C-oQ
0fDA5l33Eem4ygewRA1Djg,h7RUZJzKEeihPF_fwTLtBw
0qTQkF33EemqO_vOBJkQEA,hHxgKor_EeiimkcmTirb0g
02Iful33EemEW-9dfSASaA,hJeHQOneEeiaCrMTJblx9A
1C56fl33Eem1UGe5ZghXTA,hRjGYE-DEemjSItBlpZVfw
1OxBxl33EemwR7d_iKIHXw,hbaGsunoEei5bwdoRl0gEQ
1aR4LF33EemEXQeaSx4UTw,hjaewOoAEeiPjCMvWwEnjQ
1lv2Wl33Eemv0d9LDitKgA,hqXBBJzDEei14PPDc1dI9w
1xFIIF33EemIlx_aU4xk5g,htn2PkksEem5qVcck31FOw
18nhtF33Eem1USei590foA,htzEetipEeiSs5fdQKA4eg
2I6nLl33Eem2OoMfClnTlQ,i5umlE9oEemKKcckS1rqwQ
2UxTyF33EemgAo8nI9W8uw,iNrfGO19EeeVYYN2bMSaiA
2gxQkl33EemxRyt9RDjDuQ,iSjJ6D_rEeeRcf_J76IQ3w
2saqCl33EemgAw-DSZeKNw,iTSwKoa1EeiHRccRtLF4Fw
24Tscl33EemruBOxuThzZQ,ipAj2F3dEeiYvtf86HTRcA
3ER1Vl33EemubSMy_LWgtw,jPTJpIdtEeecXLNNzql8Nw
3PxtRl33Eem_rfvsbMi1Uw,jYaYapytEeiyV9_wa3jojA
3bUdql33Eem_2dMb1RxQFg,jeF3lun-Eeih-3OfrwF7Kw
3nKpiF33Eem2O2vjHfthbw,jtPXvJwFEei295MRvgaTVg
3zaU4l33EemW4POFsx4mgg,kAVSsNikEeit_YNLLP5Vxw
4BHn4F33EemqPNdAumD-gw,kAjpIobCEeiAkjvh4pY4gQ
4NkNyl33Eemv0iezFCIdkQ,kDlK_IdqEeeVS4tc-m4F1Q
4ZG6ll33EemW4X_7CFPJ5w,kcm2oun5EeiZikNAWWiEAw
4k7Stl33Eemn16NJ7tcLrw,ktLaoD_sEeesdhc8Yk4O-g
4wysoF33EemDeJOTY_V3GA,l-J1AOwWEeiqMid0XNLMLQ
49MKil33Eemn2C8wtQWSlg,lYTcUF3uEeia73_Dtzi82w
5Il1pF33EemioYscwd0g5g,la38Yuu0EeiZ9R8JfUGabQ
5UNsSF33EemcrdsRc-qorg,m-cbZoUPEeei1EcMKzwoJw
5gFqkF33EemyDtcVU6dJjw,ml9u1undEeiUyWdqh_CRhA
5ruGgl33Eemv0zewp6bQJQ,n0ZTeun6Eei5F1eL3R319A
53C22F33EemjwK_gciAV2Q,nC6y3N7NEeiFry-SQvjy6w
6Enj_l33EemqPWPDw0G1kQ,nSwOtt7VEei8Fne_Oc1gwA
6R9eHF33EemImH8bCKXjMw,naqd-OneEeiZvovZ48fUlg
6g5qPl33EemYJUupZj9gIw,nlOTkt7TEeiMAStVD3qg-g
6vnf0l33Eem4y7_nMCTb6g,ny2AyF3eEei3NmP48ST2Nw
6758SF33EemhJyt0CeZAlw,o-x2jN7QEeitqzswCRWjHg
7IbFfF33EemW4qs0R3Ku5A,o9ZnGt7REeitrutD76Kj0g
7WNRBF33Eemv1P8521Yhww,oE58GOn9Eeiekq-ukLQYIQ
7h4shl33Eem4zGOOHWdMbw,oKpx4uncEeinv4v4iOwvMA
7to2Vl33Eem2PJccOo3dlw,oNggHl2wEeiFAudteJTH-w
75UFJl33EemgBCNT7P7oPA,oZEdvE_vEemzPWtYXWXawg
8FR-fl33EemhKGNHdhoiYw,omkAlF3vEeihilfwAOLw2A
8RsKOl33EemjwUuZ-QIGHw,otdlAunqEeiZzpuIgePvmg
8dU4TF33EemyDwsbp0Wbkw,p-rfxk9uEemhHpebuXdeCg
8pnciF33EemPj4t-fpyQOA,pFH6IokVEeiMY5M1BL8PSg
825yQF33EemgBY8zK-ABRQ,pHPboJv-EeiBcnf4aBjd9w
9EgcSF33Eem3u8-T_muwsQ,paPrDNirEeiMn1dSs764_Q
9RVwvF33EemxSMdN6q-2TQ,pemU4OowEeiyZnvD0CTvRw
9faJ0F33EemxTZ9hmufoSg,q3bNXoUbEeeN0H-60BGKZA
9riEml33EemyVIs3BVEKBw,q4W1yONvEee6ZzeSQYC7xw
927UwF33Eem_2ss5ofTctQ,qEMqrJwCEeiTAwN2Uo9d4A
-Ci8Wl33EemZNaNT9XcjAA,qZN6runtEeigNGepDrKrmg
-OchDl33Eem2PRNuuVUrIA,qZwddodlEee3G5PhKwJ6vQ
-Z8mCl33EemcroMoZYEj5Q,qvWxzpp9Eei_AaeNQ8I4sA
-lOpwl33EemyVdebY2UVAw,r2EejNipEei3XjOSoiXPLA
-xE82l33EemhKevt4F1qvQ,rBi1NunfEeihz08tAvSsAg
-92jQl33EemjwuvHOO3x5w,rJtczNioEeiuORf5vZzXIw
_Javml33EemDea-p7gx93w,rrdW9IdlEee2G88tvcWuMw
_U58JF33Eem_rrcR2eoqrA,rz5czuorEeiXdveWkoSnnQ
_gncgF33EemyVrs30TA_OA,s-ErSpzIEeimz0MuXKoIuw
_scGel33Eemcr6fB-1TNXw,s3-EqIdhEee2FVPeSGAZHg
_6dP-l33Eemubt-UL-9-TQ,s7Rtopv8EeiSiqMDKBk32w
AG4xTF34EemyEPtg4S57dg,sGna1EkqEemXB_uoTqlG8A
AS1fGF34Eem1U39sFfwUdg,sXMN7IbAEeikTmvOdVuN1A
AgqEnF34Eem_r7tCzuXyhg,si7BeJwOEeinC-cUgiGAxQ
AtQG-l34Eem3vKdX4oCJNQ,sjGcxOnrEeiscUfDvChUpQ
A57xvF34Eemiov8Qq9ynxA,sjx6CF1qEeifCFtcpxfj7A
BFK17l34EemrCvsjW5pzag,sqOF6OuwEeis6aPzKgZwvw
BQzsKl34EemcsEuuKxu-dQ,syUBmk9vEem0XB8eWJt6jA
BdWCKl34EemxSXul778pfg,t-MpOj_xEeer_UvcATsMAg
BrBZ9F34Eemjw9-MsMQ1Fw,tHWBJOn8Eeirjc98wSJ4tA
B3UOAl34EemZNkc1BAqSzA,tL1wFOn4EeiEzlsyQTzsTA
CDK9sl34Eemub1_4_cKRog,uH5kON7REeie3Ztw3xCLDQ
COh8kl34Eem1VIMIyAIPzA,uSY9MunhEeip5NPTLW8_Pg
CaNQqF34EemjxKt1OwjLmQ,uVHJQk9yEemxy2NPDMGddQ
ClzpCl34EemhKnt6uOVMXw,uh2BkpwQEeiyIuOF37Nb1g
Cx6VoF34EemLBcvKBaMzEg,uldABj_tEeeIZft8tFD5gA
C9ZJwF34EemcsXNcWNY0UA,upCXHuu1EeisCfNg70hrcg
DKrBPF34Eemg7Y8-JhGIwQ,vmic-t7SEeibMGe5AO5BrQ
DXI1gl34EemioxvR0Ef-7Q,vqZoqEkoEemHoX-CdU_sPA
Djzjhl34EemcsrtPTqVeMQ,w1XKZodtEee0OTM4MTfiQQ
DxDrGF34EemucCta8xdGXA,wCAMpE9wEemKL9dqmjOo6g
D9ztOl34EemxT-OeuJ1D3Q,wcSILl1nEeinQefxhs2tuw
EJlGLl34EemPkOvrfa5eQw,x0eE6pwFEeiyHRNo-UY1bQ
EU4tMl34Eem40ItESsBexA,x5NaOIUNEeehTRfhLHMAZg
Ehm_Ll34EemrC-8Yx_Yagg,xD3O4IUNEeeFNoMzkPRAhg
EvfGSF34EemyEeP8cko71g,xHdqfoUSEeeI2ZOtBM2eyw
E77ghF34EemFzPOx2ubXNw,xTv-1k9xEem4v6v3LAmG7g
FH1tiF34EemVEjt3vveL1g,xdr7LoUNEeelv29mnpZIDg
FTUNsl34EemgBme-o37FpQ,xplcIF3vEeiF_HN-EU7xAg
Fertsl34Eemv1S82XpPfiQ,xs3jGuwUEeiDeWv5evP5sg
FqLXEF34Eemv1vdvsmUBdg,xyqiPO17EeekxQN7f89rUQ
F1jjel34EemipMP7DDp00A,yO3wGl3iEeiYwa8DszN1Gg
GA0fwF34EemyElfbFGct2A,yRuTyoUNEeeb1mfqGmtKKw
GMGkzF34EemyE8c88dJQUw,ydmPJIa6EeiKKgvEmWMMuA
GYPU6F34Eem1Ve_2Hk4p7g,zCPPbOu3EeifOFOVdAmK1A
GjztSF34Eem1VtMehFK0FQ,zSGmfIsAEeiFt7ek2ZZsnA
GvQUtF34EemImXOL10QtaA,zbg4dk9yEemjh59BgI4-fA
G6tr8F34Eem1V2_BYbuOsA,zgwleoUDEeeTUxdoVGeAuA
HHYySl34Eem40YPorxe-VA,zob1eoUNEeeTHq8coHmoyw
HUaxfF34EemrDHv83DV6Mg,zzMgaj_qEeeDXGtNGARk5Q
